n,lamb,genErrRMT,genErrEmp,loss,epoch,step,epoch+step
100,1,0.7813330215315557,,2.5967400074005127,0,0,0.0
100,10,0.6433395453740114,,2.5967400074005127,0,0,0.0
100,100,0.6222508141269661,,2.5967400074005127,0,0,0.0
132,1,0.8181136567332147,,2.5967400074005127,0,0,0.0
132,10,0.622280572647525,,2.5967400074005127,0,0,0.0
132,100,0.5921183015545398,,2.5967400074005127,0,0,0.0
174,1,0.8789531555780996,,2.5967400074005127,0,0,0.0
174,10,0.6009090459142885,,2.5967400074005127,0,0,0.0
174,100,0.5641652234610005,,2.5967400074005127,0,0,0.0
230,1,0.9510708530728679,,2.5967400074005127,0,0,0.0
230,10,0.5780867536690947,,2.5967400074005127,0,0,0.0
230,100,0.5379285514434887,,2.5967400074005127,0,0,0.0
300,1,0.9548034209033408,0.9552534222602844,2.5967400074005127,0,0,0.0
300,10,0.5546406092388113,0.5431645512580872,2.5967400074005127,0,0,0.0
300,100,0.5147704517947786,0.5105702877044678,2.5967400074005127,0,0,0.0
305,1,0.9507202425106159,,2.5967400074005127,0,0,0.0
305,10,0.5531236505595334,,2.5967400074005127,0,0,0.0
305,100,0.5133883426613042,,2.5967400074005127,0,0,0.0
311,1,0.9452202760473839,0.9117150902748108,2.5967400074005127,0,0,0.0
311,10,0.5513276916677103,0.5308378338813782,2.5967400074005127,0,0,0.0
311,100,0.5117682073809832,0.5212647318840027,2.5967400074005127,0,0,0.0
322,1,0.9336426111557733,0.9220026135444641,2.5967400074005127,0,0,0.0
322,10,0.5481016086576598,0.5374436974525452,2.5967400074005127,0,0,0.0
322,100,0.5089012537164785,0.5073546171188354,2.5967400074005127,0,0,0.0
334,1,0.9192130479074336,0.9423861503601074,2.5967400074005127,0,0,0.0
334,10,0.5446770611628564,0.5443320274353027,2.5967400074005127,0,0,0.0
334,100,0.5059159960988605,0.5062902569770813,2.5967400074005127,0,0,0.0
347,1,0.9020396249340638,0.8903913497924805,2.5967400074005127,0,0,0.0
347,10,0.5410740616485589,0.5525634288787842,2.5967400074005127,0,0,0.0
347,100,0.5028365932521248,0.4907320439815521,2.5967400074005127,0,0,0.0
360,1,0.8838384352207909,0.8123967051506042,2.5967400074005127,0,0,0.0
360,10,0.5375777252652362,0.5285364985466003,2.5967400074005127,0,0,0.0
360,100,0.49990511108937025,0.4911571443080902,2.5967400074005127,0,0,0.0
373,1,0.865114741559777,0.8508159518241882,2.5967400074005127,0,0,0.0
373,10,0.5341837018638522,0.5374873280525208,2.5967400074005127,0,0,0.0
373,100,0.49710992539179016,0.49737977981567383,2.5967400074005127,0,0,0.0
387,1,0.8448313060060268,0.8386893272399902,2.5967400074005127,0,0,0.0
387,10,0.5306385629061191,0.5509756207466125,2.5967400074005127,0,0,0.0
387,100,0.4942401465855872,0.48777058720588684,2.5967400074005127,0,0,0.0
401,1,0.8248009724722182,0.7692129611968994,2.5967400074005127,0,0,0.0
401,10,0.5272030254908617,0.5277578830718994,2.5967400074005127,0,0,0.0
401,100,0.4915047498594761,0.4904162585735321,2.5967400074005127,0,0,0.0
403,1,0.8219775236870865,,2.5967400074005127,0,0,0.0
403,10,0.5267209016856079,,2.5967400074005127,0,0,0.0
403,100,0.4911243626872614,,2.5967400074005127,0,0,0.0
416,1,0.8039333436983943,0.8227083086967468,2.5967400074005127,0,0,0.0
416,10,0.5236389794897575,0.5222709774971008,2.5967400074005127,0,0,0.0
416,100,0.4887114644770816,0.48038148880004883,2.5967400074005127,0,0,0.0
432,1,0.782595481283327,0.7544105052947998,2.5967400074005127,0,0,0.0
432,10,0.5199652686699746,0.5236768126487732,2.5967400074005127,0,0,0.0
432,100,0.48587626221035957,0.48146143555641174,2.5967400074005127,0,0,0.0
448,1,0.7623618515818871,0.8312561511993408,2.5967400074005127,0,0,0.0
448,10,0.5164182545543509,0.5003004670143127,2.5967400074005127,0,0,0.0
448,100,0.4831781016126936,0.4670732319355011,2.5967400074005127,0,0,0.0
464,1,0.7433049117190589,0.7390429377555847,2.5967400074005127,0,0,0.0
464,10,0.5129927079560187,0.5151867270469666,2.5967400074005127,0,0,0.0
464,100,0.4806062951744779,0.48293182253837585,2.5967400074005127,0,0,0.0
482,1,0.7232878796679422,0.7580564022064209,2.5967400074005127,0,0,0.0
482,10,0.5092780278769213,0.5102667212486267,2.5967400074005127,0,0,0.0
482,100,0.47785204305647516,0.4729158878326416,2.5967400074005127,0,0,0.0
500,1,0.7047393052778845,0.7452609539031982,2.5967400074005127,0,0,0.0
500,10,0.505704150470776,0.4899429976940155,2.5967400074005127,0,0,0.0
500,100,0.47523335071493644,0.47002673149108887,2.5967400074005127,0,0,0.0
532,1,0.6751502760823138,,2.5967400074005127,0,0,0.0
532,10,0.4996786586310011,,2.5967400074005127,0,0,0.0
532,100,0.47087966639150686,,2.5967400074005127,0,0,0.0
704,1,0.5698729329142097,,2.5967400074005127,0,0,0.0
704,10,0.47327795482101287,,2.5967400074005127,0,0,0.0
704,100,0.452424049559526,,2.5967400074005127,0,0,0.0
930,1,0.5020669324911168,,2.5967400074005127,0,0,0.0
930,10,0.4494221145646884,,2.5967400074005127,0,0,0.0
930,100,0.4360183654015172,,2.5967400074005127,0,0,0.0
1230,1,0.45747126645104746,,2.5967400074005127,0,0,0.0
1230,10,0.42877551883463433,,2.5967400074005127,0,0,0.0
1230,100,0.4214458933207323,,2.5967400074005127,0,0,0.0
1625,1,0.42754644134160785,,2.5967400074005127,0,0,0.0
1625,10,0.41175897991792293,,2.5967400074005127,0,0,0.0
1625,100,0.40876732637810753,,2.5967400074005127,0,0,0.0
2148,1,0.4067889617896597,,2.5967400074005127,0,0,0.0
2148,10,0.3980489486582374,,2.5967400074005127,0,0,0.0
2148,100,0.3978230237239461,,2.5967400074005127,0,0,0.0
2839,1,0.39211393262613026,,2.5967400074005127,0,0,0.0
2839,10,0.3872425103376643,,2.5967400074005127,0,0,0.0
2839,100,0.3885391267705347,,2.5967400074005127,0,0,0.0
3753,1,0.38155368529297207,,2.5967400074005127,0,0,0.0
3753,10,0.3788252351061781,,2.5967400074005127,0,0,0.0
3753,100,0.3807784283156454,,2.5967400074005127,0,0,0.0
4960,1,0.3738701402771349,,2.5967400074005127,0,0,0.0
4960,10,0.3723350702656315,,2.5967400074005127,0,0,0.0
4960,100,0.3744042448427496,,2.5967400074005127,0,0,0.0
6555,1,0.3682211806469109,,2.5967400074005127,0,0,0.0
6555,10,0.3673549521265677,,2.5967400074005127,0,0,0.0
6555,100,0.36924606121898573,,2.5967400074005127,0,0,0.0
8663,1,0.36403789876031245,,2.5967400074005127,0,0,0.0
8663,10,0.3635479718847353,,2.5967400074005127,0,0,0.0
8663,100,0.36513365174534135,,2.5967400074005127,0,0,0.0
11450,1,0.36092260099311657,,2.5967400074005127,0,0,0.0
11450,10,0.3606451907422462,,2.5967400074005127,0,0,0.0
11450,100,0.36189922887756165,,2.5967400074005127,0,0,0.0
15132,1,0.358595137179638,,2.5967400074005127,0,0,0.0
15132,10,0.3584377576541954,,2.5967400074005127,0,0,0.0
15132,100,0.35938805441523963,,2.5967400074005127,0,0,0.0
20000,1,0.35684966608308616,,2.5967400074005127,0,0,0.0
20000,10,0.35676030579791224,,2.5967400074005127,0,0,0.0
20000,100,0.35745693465981104,,2.5967400074005127,0,0,0.0
100,1,0.7521565802696802,,1.1272510290145874,0,2,0.014084507042253521
100,10,0.6180894863650351,,1.1272510290145874,0,2,0.014084507042253521
100,100,0.5970849645319157,,1.1272510290145874,0,2,0.014084507042253521
132,1,0.7871851472918022,,1.1272510290145874,0,2,0.014084507042253521
132,10,0.5982293139592649,,1.1272510290145874,0,2,0.014084507042253521
132,100,0.5684481493397954,,1.1272510290145874,0,2,0.014084507042253521
174,1,0.8443598472108479,,1.1272510290145874,0,2,0.014084507042253521
174,10,0.5777351564348349,,1.1272510290145874,0,2,0.014084507042253521
174,100,0.5421072872455948,,1.1272510290145874,0,2,0.014084507042253521
230,1,0.9110699540160448,,1.1272510290145874,0,2,0.014084507042253521
230,10,0.5556225947232852,,1.1272510290145874,0,2,0.014084507042253521
230,100,0.5174940159384358,,1.1272510290145874,0,2,0.014084507042253521
300,1,0.9123722155208542,0.9236298203468323,1.1272510290145874,0,2,0.014084507042253521
300,10,0.5328672025028023,0.4993475377559662,1.1272510290145874,0,2,0.014084507042253521
300,100,0.4957707157279539,0.4827214777469635,1.1272510290145874,0,2,0.014084507042253521
305,1,0.9084120085309813,,1.1272510290145874,0,2,0.014084507042253521
305,10,0.5313969816361263,,1.1272510290145874,0,2,0.014084507042253521
305,100,0.4944723240565015,,1.1272510290145874,0,2,0.014084507042253521
311,1,0.9031061639631733,0.906304657459259,1.1272510290145874,0,2,0.014084507042253521
311,10,0.5296566008480524,0.5184844732284546,1.1272510290145874,0,2,0.014084507042253521
311,100,0.49294994123875996,0.4889813959598541,1.1272510290145874,0,2,0.014084507042253521
322,1,0.8920025971479891,0.8597145080566406,1.1272510290145874,0,2,0.014084507042253521
322,10,0.5265317312251688,0.5292152762413025,1.1272510290145874,0,2,0.014084507042253521
322,100,0.4902546477067608,0.48363637924194336,1.1272510290145874,0,2,0.014084507042253521
334,1,0.8782367895085943,0.7987166047096252,1.1272510290145874,0,2,0.014084507042253521
334,10,0.5232166181472796,0.4944392442703247,1.1272510290145874,0,2,0.014084507042253521
334,100,0.4874463923850079,0.4927091598510742,1.1272510290145874,0,2,0.014084507042253521
347,1,0.8619127196690628,0.8338902592658997,1.1272510290145874,0,2,0.014084507042253521
347,10,0.5197308413830545,0.5330775380134583,1.1272510290145874,0,2,0.014084507042253521
347,100,0.48454737958307165,0.47412678599357605,1.1272510290145874,0,2,0.014084507042253521
360,1,0.8446533504595996,0.8009073734283447,1.1272510290145874,0,2,0.014084507042253521
360,10,0.5163503920360542,0.5317537784576416,1.1272510290145874,0,2,0.014084507042253521
360,100,0.4817854809562636,0.4744908809661865,1.1272510290145874,0,2,0.014084507042253521
373,1,0.8269244303753975,0.8394463658332825,1.1272510290145874,0,2,0.014084507042253521
373,10,0.5130708893397511,0.5025168061256409,1.1272510290145874,0,2,0.014084507042253521
373,100,0.47914971753117314,0.47716471552848816,1.1272510290145874,0,2,0.014084507042253521
387,1,0.8077353759087135,0.8427443504333496,1.1272510290145874,0,2,0.014084507042253521
387,10,0.5096475144968032,0.5030117630958557,1.1272510290145874,0,2,0.014084507042253521
387,100,0.4764412976144633,0.47426220774650574,1.1272510290145874,0,2,0.014084507042253521
401,1,0.788793714188752,0.7325918078422546,1.1272510290145874,0,2,0.014084507042253521
401,10,0.5063321042085924,0.5198871493339539,1.1272510290145874,0,2,0.014084507042253521
401,100,0.47385735782438454,0.47966280579566956,1.1272510290145874,0,2,0.014084507042253521
403,1,0.7861238812014576,,1.1272510290145874,0,2,0.014084507042253521
403,10,0.5058670085384958,,1.1272510290145874,0,2,0.014084507042253521
403,100,0.47349778803777126,,1.1272510290145874,0,2,0.014084507042253521
416,1,0.7690619709147959,0.7865654826164246,1.1272510290145874,0,2,0.014084507042253521
416,10,0.5028947150130273,0.5014832615852356,1.1272510290145874,0,2,0.014084507042253521
416,100,0.4712160907842064,0.4730006754398346,1.1272510290145874,0,2,0.014084507042253521
432,1,0.7488824892659988,0.731536328792572,1.1272510290145874,0,2,0.014084507042253521
432,10,0.4993538542154963,0.48016056418418884,1.1272510290145874,0,2,0.014084507042253521
432,100,0.46853243691480506,0.45421257615089417,1.1272510290145874,0,2,0.014084507042253521
448,1,0.7297407758956379,0.7290149331092834,1.1272510290145874,0,2,0.014084507042253521
448,10,0.49593710478499603,0.5006069540977478,1.1272510290145874,0,2,0.014084507042253521
448,100,0.4659758349770733,0.4601423740386963,1.1272510290145874,0,2,0.014084507042253521
464,1,0.7117041372425529,0.7254996299743652,1.1272510290145874,0,2,0.014084507042253521
464,10,0.4926392246267622,0.4930238723754883,1.1272510290145874,0,2,0.014084507042253521
464,100,0.4635363438673738,0.46154356002807617,1.1272510290145874,0,2,0.014084507042253521
482,1,0.6927485307298943,0.7290725111961365,1.1272510290145874,0,2,0.014084507042253521
482,10,0.4890649673537253,0.4969416558742523,1.1272510290145874,0,2,0.014084507042253521
482,100,0.46092085063638166,0.4611789882183075,1.1272510290145874,0,2,0.014084507042253521
500,1,0.6751729389110834,0.6489536762237549,1.1272510290145874,0,2,0.014084507042253521
500,10,0.48562803197405796,0.49139881134033203,1.1272510290145874,0,2,0.014084507042253521
500,100,0.45843119557421186,0.46183085441589355,1.1272510290145874,0,2,0.014084507042253521
532,1,0.6471127219270761,,1.1272510290145874,0,2,0.014084507042253521
532,10,0.47983725733539284,,1.1272510290145874,0,2,0.014084507042253521
532,100,0.454285522948422,,1.1272510290145874,0,2,0.014084507042253521
704,1,0.5470166957708639,,1.1272510290145874,0,2,0.014084507042253521
704,10,0.4545135929928329,,1.1272510290145874,0,2,0.014084507042253521
704,100,0.4366137310330702,,1.1272510290145874,0,2,0.014084507042253521
930,1,0.4823272095637936,,1.1272510290145874,0,2,0.014084507042253521
930,10,0.4316797463675913,,1.1272510290145874,0,2,0.014084507042253521
930,100,0.4207635508121992,,1.1272510290145874,0,2,0.014084507042253521
1230,1,0.43969052092268784,,1.1272510290145874,0,2,0.014084507042253521
1230,10,0.41193983463241274,,1.1272510290145874,0,2,0.014084507042253521
1230,100,0.40657592806362514,,1.1272510290145874,0,2,0.014084507042253521
1625,1,0.41104115388381923,,1.1272510290145874,0,2,0.014084507042253521
1625,10,0.39567893670946924,,1.1272510290145874,0,2,0.014084507042253521
1625,100,0.3941606689703739,,1.1272510290145874,0,2,0.014084507042253521
2148,1,0.3911495182448513,,1.1272510290145874,0,2,0.014084507042253521
2148,10,0.38258019916530595,,1.1272510290145874,0,2,0.014084507042253521
2148,100,0.38340350932497924,,1.1272510290145874,0,2,0.014084507042253521
2839,1,0.3770765131087369,,1.1272510290145874,0,2,0.014084507042253521
2839,10,0.3722557808444309,,1.1272510290145874,0,2,0.014084507042253521
2839,100,0.37425991059552344,,1.1272510290145874,0,2,0.014084507042253521
3753,1,0.3669435935813183,,1.1272510290145874,0,2,0.014084507042253521
3753,10,0.3642132614739952,,1.1272510290145874,0,2,0.014084507042253521
3753,100,0.3666115800476074,,1.1272510290145874,0,2,0.014084507042253521
4960,1,0.3595675766154844,,1.1272510290145874,0,2,0.014084507042253521
4960,10,0.35801118426127587,,1.1272510290145874,0,2,0.014084507042253521
4960,100,0.36033247601461194,,1.1272510290145874,0,2,0.014084507042253521
6555,1,0.3541424853862918,,1.1272510290145874,0,2,0.014084507042253521
6555,10,0.35325114556765386,,1.1272510290145874,0,2,0.014084507042253521
6555,100,0.35525842597637763,,1.1272510290145874,0,2,0.014084507042253521
8663,1,0.35012372633112065,,1.1272510290145874,0,2,0.014084507042253521
8663,10,0.3496114373210239,,1.1272510290145874,0,2,0.014084507042253521
8663,100,0.3512228281407618,,1.1272510290145874,0,2,0.014084507042253521
11450,1,0.34713026239610534,,1.1272510290145874,0,2,0.014084507042253521
11450,10,0.34683516440676526,,1.1272510290145874,0,2,0.014084507042253521
11450,100,0.3480598144714724,,1.1272510290145874,0,2,0.014084507042253521
15132,1,0.3448932707319743,,1.1272510290145874,0,2,0.014084507042253521
15132,10,0.3447230571766811,,1.1272510290145874,0,2,0.014084507042253521
15132,100,0.3456151101180773,,1.1272510290145874,0,2,0.014084507042253521
20000,1,0.3432153737146973,,1.1272510290145874,0,2,0.014084507042253521
20000,10,0.34311716024897904,,1.1272510290145874,0,2,0.014084507042253521
20000,100,0.3437452672757722,,1.1272510290145874,0,2,0.014084507042253521
100,1,0.6045868744633329,,0.5439563989639282,0,12,0.08450704225352113
100,10,0.5005660189615394,,0.5439563989639282,0,12,0.08450704225352113
100,100,0.541376508919737,,0.5439563989639282,0,12,0.08450704225352113
132,1,0.628222193248407,,0.5439563989639282,0,12,0.08450704225352113
132,10,0.47851466077164767,,0.5439563989639282,0,12,0.08450704225352113
132,100,0.5032106074392777,,0.5439563989639282,0,12,0.08450704225352113
174,1,0.6695364897864086,,0.5439563989639282,0,12,0.08450704225352113
174,10,0.4586496091561636,,0.5439563989639282,0,12,0.08450704225352113
174,100,0.4693900732226663,,0.5439563989639282,0,12,0.08450704225352113
230,1,0.7143465425711413,,0.5439563989639282,0,12,0.08450704225352113
230,10,0.43961151291867556,,0.5439563989639282,0,12,0.08450704225352113
230,100,0.43946445234231046,,0.5439563989639282,0,12,0.08450704225352113
300,1,0.7085856028244722,0.7410173416137695,0.5439563989639282,0,12,0.08450704225352113
300,10,0.42166879155347675,0.43239912390708923,0.5439563989639282,0,12,0.08450704225352113
300,100,0.4146882802446391,0.4215147793292999,0.5439563989639282,0,12,0.08450704225352113
305,1,0.7054701692934298,,0.5439563989639282,0,12,0.08450704225352113
305,10,0.42054806132102535,,0.5439563989639282,0,12,0.08450704225352113
305,100,0.41325906786701233,,0.5439563989639282,0,12,0.08450704225352113
311,1,0.7013835557616203,0.6971378922462463,0.5439563989639282,0,12,0.08450704225352113
311,10,0.4192261329690775,0.4128929674625397,0.5439563989639282,0,12,0.08450704225352113
311,100,0.4115907225897671,0.4030260145664215,0.5439563989639282,0,12,0.08450704225352113
322,1,0.693034281028347,0.6417788863182068,0.5439563989639282,0,12,0.08450704225352113
322,10,0.4168646583968696,0.4303908348083496,0.5439563989639282,0,12,0.08450704225352113
322,100,0.4086569378774699,0.41642284393310547,0.5439563989639282,0,12,0.08450704225352113
334,1,0.6829082067018476,0.6839482188224792,0.5439563989639282,0,12,0.08450704225352113
334,10,0.4143749769143541,0.4172722399234772,0.5439563989639282,0,12,0.08450704225352113
334,100,0.4056272236917227,0.4009084403514862,0.5439563989639282,0,12,0.08450704225352113
347,1,0.6710810926927371,0.6440737843513489,0.5439563989639282,0,12,0.08450704225352113
347,10,0.4117727793668739,0.4116708040237427,0.5439563989639282,0,12,0.08450704225352113
347,100,0.40252841485819646,0.39607298374176025,0.5439563989639282,0,12,0.08450704225352113
360,1,0.6586960996888416,0.6283185482025146,0.5439563989639282,0,12,0.08450704225352113
360,10,0.409262886409722,0.4134523570537567,0.5439563989639282,0,12,0.08450704225352113
360,100,0.3996033147831512,0.402651309967041,0.5439563989639282,0,12,0.08450704225352113
373,1,0.6460417827646707,0.6347101330757141,0.5439563989639282,0,12,0.08450704225352113
373,10,0.4068395273333606,0.40478453040122986,0.5439563989639282,0,12,0.08450704225352113
373,100,0.39683651025552796,0.3894853889942169,0.5439563989639282,0,12,0.08450704225352113
387,1,0.63237882371595,0.6377989649772644,0.5439563989639282,0,12,0.08450704225352113
387,10,0.4043205309828382,0.41273340582847595,0.5439563989639282,0,12,0.08450704225352113
387,100,0.3940183053806842,0.3992193639278412,0.5439563989639282,0,12,0.08450704225352113
401,1,0.6188945041679366,0.647723913192749,0.5439563989639282,0,12,0.08450704225352113
401,10,0.4018902209227864,0.4075284004211426,0.5439563989639282,0,12,0.08450704225352113
401,100,0.391353009583611,0.3930397927761078,0.5439563989639282,0,12,0.08450704225352113
403,1,0.616992859070264,,0.5439563989639282,0,12,0.08450704225352113
403,10,0.40154997147156773,,0.5439563989639282,0,12,0.08450704225352113
403,100,0.3909839393997247,,0.5439563989639282,0,12,0.08450704225352113
416,1,0.6048268225436604,0.5906364321708679,0.5439563989639282,0,12,0.08450704225352113
416,10,0.3993789416747792,0.3897506892681122,0.5439563989639282,0,12,0.08450704225352113
416,100,0.3886521230380117,0.3919805586338043,0.5439563989639282,0,12,0.08450704225352113
432,1,0.590398511794082,0.5761092305183411,0.5439563989639282,0,12,0.08450704225352113
432,10,0.39679982355415444,0.39196792244911194,0.5439563989639282,0,12,0.08450704225352113
432,100,0.38593196307979655,0.3862631618976593,0.5439563989639282,0,12,0.08450704225352113
448,1,0.5766599906610406,0.6052515506744385,0.5439563989639282,0,12,0.08450704225352113
448,10,0.3943175223103652,0.4015965461730957,0.5439563989639282,0,12,0.08450704225352113
448,100,0.3833630497870943,0.38860073685646057,0.5439563989639282,0,12,0.08450704225352113
464,1,0.5636586803673138,0.5418146848678589,0.5439563989639282,0,12,0.08450704225352113
464,10,0.39192667857722935,0.41065749526023865,0.5439563989639282,0,12,0.08450704225352113
464,100,0.38093192351335226,0.3838961124420166,0.5439563989639282,0,12,0.08450704225352113
482,1,0.5499289175924461,0.550407350063324,0.5439563989639282,0,12,0.08450704225352113
482,10,0.3893400256913102,0.39234140515327454,0.5439563989639282,0,12,0.08450704225352113
482,100,0.3783471760310335,0.3880087435245514,0.5439563989639282,0,12,0.08450704225352113
500,1,0.537132345969031,0.5585597157478333,0.5439563989639282,0,12,0.08450704225352113
500,10,0.38685638837344066,0.3811865746974945,0.5439563989639282,0,12,0.08450704225352113
500,100,0.3759074094307305,0.37056979537010193,0.5439563989639282,0,12,0.08450704225352113
532,1,0.5165591203536406,,0.5439563989639282,0,12,0.08450704225352113
532,10,0.3826776824564423,,0.5439563989639282,0,12,0.08450704225352113
532,100,0.37188889149755244,,0.5439563989639282,0,12,0.08450704225352113
704,1,0.44157483299860323,,0.5439563989639282,0,12,0.08450704225352113
704,10,0.3644151289753036,,0.5439563989639282,0,12,0.08450704225352113
704,100,0.3553530037667963,,0.5439563989639282,0,12,0.08450704225352113
930,1,0.3916929701150269,,0.5439563989639282,0,12,0.08450704225352113
930,10,0.3478362331797417,,0.5439563989639282,0,12,0.08450704225352113
930,100,0.34128591374292677,,0.5439563989639282,0,12,0.08450704225352113
1230,1,0.35819574916248986,,0.5439563989639282,0,12,0.08450704225352113
1230,10,0.3333246987604048,,0.5439563989639282,0,12,0.08450704225352113
1230,100,0.3292525840173579,,0.5439563989639282,0,12,0.08450704225352113
1625,1,0.3354158548829971,,0.5439563989639282,0,12,0.08450704225352113
1625,10,0.32120212223759725,,0.5439563989639282,0,12,0.08450704225352113
1625,100,0.31911915167851274,,0.5439563989639282,0,12,0.08450704225352113
2148,1,0.31947369534031056,,0.5439563989639282,0,12,0.08450704225352113
2148,10,0.31130392432442494,,0.5439563989639282,0,12,0.08450704225352113
2148,100,0.3106136399169855,,0.5439563989639282,0,12,0.08450704225352113
2839,1,0.3081335305358438,,0.5439563989639282,0,12,0.08450704225352113
2839,10,0.303406259580846,,0.5439563989639282,0,12,0.08450704225352113
2839,100,0.30356491226277116,,0.5439563989639282,0,12,0.08450704225352113
3753,1,0.29993696385520535,,0.5439563989639282,0,12,0.08450704225352113
3753,10,0.2971880275154829,,0.5439563989639282,0,12,0.08450704225352113
3753,100,0.29777941679684844,,0.5439563989639282,0,12,0.08450704225352113
4960,1,0.29395395498673266,,0.5439563989639282,0,12,0.08450704225352113
4960,10,0.2923483161093348,,0.5439563989639282,0,12,0.08450704225352113
4960,100,0.29308996679092897,,0.5439563989639282,0,12,0.08450704225352113
6555,1,0.2895446098799326,,0.5439563989639282,0,12,0.08450704225352113
6555,10,0.288604379625339,,0.5439563989639282,0,12,0.08450704225352113
6555,100,0.2893277110458621,,0.5439563989639282,0,12,0.08450704225352113
8663,1,0.28627339547345715,,0.5439563989639282,0,12,0.08450704225352113
8663,10,0.2857221079687028,,0.5439563989639282,0,12,0.08450704225352113
8663,100,0.2863431047186792,,0.5439563989639282,0,12,0.08450704225352113
11450,1,0.2838339748006342,,0.5439563989639282,0,12,0.08450704225352113
11450,10,0.2835109064248727,,0.5439563989639282,0,12,0.08450704225352113
11450,100,0.2840011992893549,,0.5439563989639282,0,12,0.08450704225352113
15132,1,0.2820094744632222,,0.5439563989639282,0,12,0.08450704225352113
15132,10,0.2818203652716485,,0.5439563989639282,0,12,0.08450704225352113
15132,100,0.28218446117311424,,0.5439563989639282,0,12,0.08450704225352113
20000,1,0.2806402009278913,,0.5439563989639282,0,12,0.08450704225352113
20000,10,0.2805296898589361,,0.5439563989639282,0,12,0.08450704225352113
20000,100,0.28078735802637556,,0.5439563989639282,0,12,0.08450704225352113
100,1,0.40566380038261934,,0.2311566174030304,0,49,0.34507042253521125
100,10,0.3357853792261767,,0.2311566174030304,0,49,0.34507042253521125
100,100,0.4016835641657799,,0.2311566174030304,0,49,0.34507042253521125
132,1,0.41986436682333267,,0.2311566174030304,0,49,0.34507042253521125
132,10,0.31742940137472336,,0.2311566174030304,0,49,0.34507042253521125
132,100,0.36452850205433296,,0.2311566174030304,0,49,0.34507042253521125
174,1,0.4440808204439168,,0.2311566174030304,0,49,0.34507042253521125
174,10,0.30200679138758346,,0.2311566174030304,0,49,0.34507042253521125
174,100,0.33317156757875827,,0.2311566174030304,0,49,0.34507042253521125
230,1,0.4638074530247089,,0.2311566174030304,0,49,0.34507042253521125
230,10,0.28823999271406847,,0.2311566174030304,0,49,0.34507042253521125
230,100,0.3066058242239203,,0.2311566174030304,0,49,0.34507042253521125
300,1,0.4493394884585193,0.403729647397995,0.2311566174030304,0,49,0.34507042253521125
300,10,0.27602561576233053,0.28198665380477905,0.2311566174030304,0,49,0.34507042253521125
300,100,0.28544299249791094,0.28275614976882935,0.2311566174030304,0,49,0.34507042253521125
305,1,0.4469950582941598,,0.2311566174030304,0,49,0.34507042253521125
305,10,0.27528252167208656,,0.2311566174030304,0,49,0.34507042253521125
305,100,0.2842458352268317,,0.2311566174030304,0,49,0.34507042253521125
311,1,0.44403977488494145,0.44819220900535583,0.2311566174030304,0,49,0.34507042253521125
311,10,0.274408559016944,0.26250362396240234,0.2311566174030304,0,49,0.34507042253521125
311,100,0.2828517998051247,0.2771809995174408,0.2311566174030304,0,49,0.34507042253521125
322,1,0.43828857562778667,0.4270583689212799,0.2311566174030304,0,49,0.34507042253521125
322,10,0.2728540946261389,0.2624870240688324,0.2311566174030304,0,49,0.34507042253521125
322,100,0.2804092182077275,0.27352702617645264,0.2311566174030304,0,49,0.34507042253521125
334,1,0.43164715292779826,0.43593478202819824,0.2311566174030304,0,49,0.34507042253521125
334,10,0.27122420773487044,0.2758583128452301,0.2311566174030304,0,49,0.34507042253521125
334,100,0.27789878298901355,0.269979327917099,0.2311566174030304,0,49,0.34507042253521125
347,1,0.42418129914771396,0.4137365520000458,0.2311566174030304,0,49,0.34507042253521125
347,10,0.26953005674019437,0.26160696148872375,0.2311566174030304,0,49,0.34507042253521125
347,100,0.27534392196523283,0.2757640779018402,0.2311566174030304,0,49,0.34507042253521125
360,1,0.4165835114048579,0.433531254529953,0.2311566174030304,0,49,0.34507042253521125
360,10,0.26790464091927074,0.2703138589859009,0.2311566174030304,0,49,0.34507042253521125
360,100,0.2729444038958935,0.27030032873153687,0.2311566174030304,0,49,0.34507042253521125
373,1,0.40897805140156834,0.3769184350967407,0.2311566174030304,0,49,0.34507042253521125
373,10,0.2663427533588683,0.25168028473854065,0.2311566174030304,0,49,0.34507042253521125
373,100,0.27068582387941115,0.2606288492679596,0.2311566174030304,0,49,0.34507042253521125
387,1,0.40088855752681046,0.389324426651001,0.2311566174030304,0,49,0.34507042253521125
387,10,0.26472682452813423,0.2639998197555542,0.2311566174030304,0,49,0.34507042253521125
387,100,0.2683965144810971,0.2643369138240814,0.2311566174030304,0,49,0.34507042253521125
401,1,0.3929901804205718,0.3835839033126831,0.2311566174030304,0,49,0.34507042253521125
401,10,0.26317449412839916,0.2550554573535919,0.2311566174030304,0,49,0.34507042253521125
401,100,0.26624197884697154,0.2638454735279083,0.2311566174030304,0,49,0.34507042253521125
403,1,0.39188129560918417,,0.2311566174030304,0,49,0.34507042253521125
403,10,0.2629576909696915,,0.2311566174030304,0,49,0.34507042253521125
403,100,0.2659444472359232,,0.2311566174030304,0,49,0.34507042253521125
416,1,0.38480928240754053,0.3888387382030487,0.2311566174030304,0,49,0.34507042253521125
416,10,0.26157714010809713,0.24970793724060059,0.2311566174030304,0,49,0.34507042253521125
416,100,0.2640695147675409,0.2604641020298004,0.2311566174030304,0,49,0.34507042253521125
432,1,0.37645657375991437,0.39861857891082764,0.2311566174030304,0,49,0.34507042253521125
432,10,0.2599432197194555,0.2571219503879547,0.2311566174030304,0,49,0.34507042253521125
432,100,0.26189263014855846,0.2592635154724121,0.2311566174030304,0,49,0.34507042253521125
448,1,0.3685207783504727,0.3767131567001343,0.2311566174030304,0,49,0.34507042253521125
448,10,0.25837665191648257,0.25510892271995544,0.2311566174030304,0,49,0.34507042253521125
448,100,0.25984731717798853,0.2564626634120941,0.2311566174030304,0,49,0.34507042253521125
464,1,0.36101406067589614,0.37408527731895447,0.2311566174030304,0,49,0.34507042253521125
464,10,0.25687289904587085,0.25551357865333557,0.2311566174030304,0,49,0.34507042253521125
464,100,0.25792129287130156,0.2514694035053253,0.2311566174030304,0,49,0.34507042253521125
482,1,0.35307908714245123,0.3506888151168823,0.2311566174030304,0,49,0.34507042253521125
482,10,0.2552513674877698,0.2496265321969986,0.2311566174030304,0,49,0.34507042253521125
482,100,0.2558840313016715,0.2512761950492859,0.2311566174030304,0,49,0.34507042253521125
500,1,0.345668237765025,0.3405742347240448,0.2311566174030304,0,49,0.34507042253521125
500,10,0.25369934300874397,0.25100192427635193,0.2311566174030304,0,49,0.34507042253521125
500,100,0.2539711776475449,0.2542048692703247,0.2311566174030304,0,49,0.34507042253521125
532,1,0.3337067011238167,,0.2311566174030304,0,49,0.34507042253521125
532,10,0.25109821860351345,,0.2311566174030304,0,49,0.34507042253521125
532,100,0.25084233556566854,,0.2311566174030304,0,49,0.34507042253521125
704,1,0.28932494363568534,,0.2311566174030304,0,49,0.34507042253521125
704,10,0.2398446748066562,,0.2311566174030304,0,49,0.34507042253521125
704,100,0.23827441392087265,,0.2311566174030304,0,49,0.34507042253521125
930,1,0.25888046284301663,,0.2311566174030304,0,49,0.34507042253521125
930,10,0.2297208550823843,,0.2311566174030304,0,49,0.34507042253521125
930,100,0.22800901706466728,,0.2311566174030304,0,49,0.34507042253521125
1230,1,0.23794536948823536,,0.2311566174030304,0,49,0.34507042253521125
1230,10,0.22086519359720116,,0.2311566174030304,0,49,0.34507042253521125
1230,100,0.21956698074640835,,0.2311566174030304,0,49,0.34507042253521125
1625,1,0.2234672032117812,,0.2311566174030304,0,49,0.34507042253521125
1625,10,0.2134290577860148,,0.2311566174030304,0,49,0.34507042253521125
1625,100,0.2127073131897014,,0.2311566174030304,0,49,0.34507042253521125
2148,1,0.21321426367481716,,0.2311566174030304,0,49,0.34507042253521125
2148,10,0.20730524684261395,,0.2311566174030304,0,49,0.34507042253521125
2148,100,0.20711880461871882,,0.2311566174030304,0,49,0.34507042253521125
2839,1,0.20585863553043598,,0.2311566174030304,0,49,0.34507042253521125
2839,10,0.20237044634881765,,0.2311566174030304,0,49,0.34507042253521125
2839,100,0.20259034841457316,,0.2311566174030304,0,49,0.34507042253521125
3753,1,0.2005087299524427,,0.2311566174030304,0,49,0.34507042253521125
3753,10,0.1984461214290305,,0.2311566174030304,0,49,0.34507042253521125
3753,100,0.19892628210537858,,0.2311566174030304,0,49,0.34507042253521125
4960,1,0.19658519143470254,,0.2311566174030304,0,49,0.34507042253521125
4960,10,0.19536333902101435,,0.2311566174030304,0,49,0.34507042253521125
4960,100,0.19597411330984246,,0.2311566174030304,0,49,0.34507042253521125
6555,1,0.19368292995829114,,0.2311566174030304,0,49,0.34507042253521125
6555,10,0.1929588514397211,,0.2311566174030304,0,49,0.34507042253521125
6555,100,0.1936013334312352,,0.2311566174030304,0,49,0.34507042253521125
8663,1,0.1915235840268301,,0.2311566174030304,0,49,0.34507042253521125
8663,10,0.1910947623328927,,0.2311566174030304,0,49,0.34507042253521125
8663,100,0.19170235818436668,,0.2311566174030304,0,49,0.34507042253521125
11450,1,0.1899094221254964,,0.2311566174030304,0,49,0.34507042253521125
11450,10,0.18965619092572722,,0.2311566174030304,0,49,0.34507042253521125
11450,100,0.19019076934103674,,0.2311566174030304,0,49,0.34507042253521125
15132,1,0.18869979786111132,,0.2311566174030304,0,49,0.34507042253521125
15132,10,0.18855094163370106,,0.2311566174030304,0,49,0.34507042253521125
15132,100,0.18899634608932034,,0.2311566174030304,0,49,0.34507042253521125
20000,1,0.1877904491183568,,0.2311566174030304,0,49,0.34507042253521125
20000,10,0.18770368019520434,,0.2311566174030304,0,49,0.34507042253521125
20000,100,0.18805873898388759,,0.2311566174030304,0,49,0.34507042253521125
100,1,0.24590596448370877,,0.10607047379016876,5,0,5.0
100,10,0.21685302918103216,,0.10607047379016876,5,0,5.0
100,100,0.2824695402034131,,0.10607047379016876,5,0,5.0
132,1,0.24293917951607005,,0.10607047379016876,5,0,5.0
132,10,0.1969391997562431,,0.10607047379016876,5,0,5.0
132,100,0.2538267998962267,,0.10607047379016876,5,0,5.0
174,1,0.24737238594494165,,0.10607047379016876,5,0,5.0
174,10,0.18035471431209074,,0.10607047379016876,5,0,5.0
174,100,0.22871147422912885,,0.10607047379016876,5,0,5.0
230,1,0.251254252487197,,0.10607047379016876,5,0,5.0
230,10,0.16637592331035658,,0.10607047379016876,5,0,5.0
230,100,0.20634987094508264,,0.10607047379016876,5,0,5.0
300,1,0.23940843827221372,0.2233920693397522,0.10607047379016876,5,0,5.0
300,10,0.155117235786407,0.14995844662189484,0.10607047379016876,5,0,5.0
300,100,0.18766585211760237,0.18728786706924438,0.10607047379016876,5,0,5.0
305,1,0.2379890909491075,,0.10607047379016876,5,0,5.0
305,10,0.15447226948148646,,0.10607047379016876,5,0,5.0
305,100,0.18658510017454075,,0.10607047379016876,5,0,5.0
311,1,0.236227107627532,0.2229839563369751,0.10607047379016876,5,0,5.0
311,10,0.15371962841588085,0.15863372385501862,0.10607047379016876,5,0,5.0
311,100,0.1853233633385411,0.18887317180633545,0.10607047379016876,5,0,5.0
322,1,0.23286391362006909,0.22218485176563263,0.10607047379016876,5,0,5.0
322,10,0.1523969664769522,0.15776751935482025,0.10607047379016876,5,0,5.0
322,100,0.1831044856250702,0.18337123095989227,0.10607047379016876,5,0,5.0
334,1,0.22905670217225946,0.23280782997608185,0.10607047379016876,5,0,5.0
334,10,0.15103171480492983,0.14341048896312714,0.10607047379016876,5,0,5.0
334,100,0.1808133854152976,0.17650030553340912,0.10607047379016876,5,0,5.0
347,1,0.22484574805221944,0.22877947986125946,0.10607047379016876,5,0,5.0
347,10,0.14963550531678638,0.14504703879356384,0.10607047379016876,5,0,5.0
347,100,0.17847085103790425,0.17526115477085114,0.10607047379016876,5,0,5.0
360,1,0.22061450404459707,0.21623478829860687,0.10607047379016876,5,0,5.0
360,10,0.14831787233883056,0.1433495730161667,0.10607047379016876,5,0,5.0
360,100,0.17626115261119396,0.18597157299518585,0.10607047379016876,5,0,5.0
373,1,0.21642005417259955,0.18686221539974213,0.10607047379016876,5,0,5.0
373,10,0.14707138665690897,0.14588665962219238,0.10607047379016876,5,0,5.0
373,100,0.17417274944057431,0.1714998334646225,0.10607047379016876,5,0,5.0
387,1,0.21199382704919797,0.2024853676557541,0.10607047379016876,5,0,5.0
387,10,0.14580158719548114,0.15133468806743622,0.10607047379016876,5,0,5.0
387,100,0.17204796763330824,0.16707652807235718,0.10607047379016876,5,0,5.0
401,1,0.2076992471080586,0.20320332050323486,0.10607047379016876,5,0,5.0
401,10,0.14460035311210148,0.14847588539123535,0.10607047379016876,5,0,5.0
401,100,0.1700413590111493,0.17039163410663605,0.10607047379016876,5,0,5.0
403,1,0.2070980575802965,,0.10607047379016876,5,0,5.0
403,10,0.14443394666884876,,0.10607047379016876,5,0,5.0
403,100,0.16976357143036902,,0.10607047379016876,5,0,5.0
416,1,0.20327435948247724,0.20655417442321777,0.10607047379016876,5,0,5.0
416,10,0.14338259848411172,0.13828688859939575,0.10607047379016876,5,0,5.0
416,100,0.16801105747548217,0.17170624434947968,0.10607047379016876,5,0,5.0
432,1,0.19877600426724884,0.18375760316848755,0.10607047379016876,5,0,5.0
432,10,0.14215595893626295,0.1409161537885666,0.10607047379016876,5,0,5.0
432,100,0.16597046275395955,0.16388531029224396,0.10607047379016876,5,0,5.0
448,1,0.1945174235127701,0.1967846006155014,0.10607047379016876,5,0,5.0
448,10,0.14099687272534836,0.14015308022499084,0.10607047379016876,5,0,5.0
448,100,0.16404758423465346,0.16015268862247467,0.10607047379016876,5,0,5.0
464,1,0.19050036370669188,0.1899610310792923,0.10607047379016876,5,0,5.0
464,10,0.13989986306748284,0.1406649351119995,0.10607047379016876,5,0,5.0
464,100,0.16223223667968314,0.15901203453540802,0.10607047379016876,5,0,5.0
482,1,0.18626416839608423,0.171366348862648,0.10607047379016876,5,0,5.0
482,10,0.13873322130332602,0.1373688131570816,0.10607047379016876,5,0,5.0
482,100,0.16030740710023675,0.15918904542922974,0.10607047379016876,5,0,5.0
500,1,0.18231568371779774,0.18033741414546967,0.10607047379016876,5,0,5.0
500,10,0.13763194136160078,0.13446414470672607,0.10607047379016876,5,0,5.0
500,100,0.1584962164525611,0.15570110082626343,0.10607047379016876,5,0,5.0
532,1,0.1759554046410198,,0.10607047379016876,5,0,5.0
532,10,0.1358180340399493,,0.10607047379016876,5,0,5.0
532,100,0.15552618282290676,,0.10607047379016876,5,0,5.0
704,1,0.15244455665198567,,0.10607047379016876,5,0,5.0
704,10,0.12837673629583268,,0.10607047379016876,5,0,5.0
704,100,0.14353373617760617,,0.10607047379016876,5,0,5.0
930,1,0.13635595130860684,,0.10607047379016876,5,0,5.0
930,10,0.12213750920393404,,0.10607047379016876,5,0,5.0
930,100,0.13373330835574068,,0.10607047379016876,5,0,5.0
1230,1,0.12529995142961833,,0.10607047379016876,5,0,5.0
1230,10,0.11694450073685266,,0.10607047379016876,5,0,5.0
1230,100,0.1257459906252823,,0.10607047379016876,5,0,5.0
1625,1,0.1176572352493572,,0.10607047379016876,5,0,5.0
1625,10,0.11273010558805943,,0.10607047379016876,5,0,5.0
1625,100,0.11936698568267162,,0.10607047379016876,5,0,5.0
2148,1,0.11224726812357817,,0.10607047379016876,5,0,5.0
2148,10,0.10933865213667938,,0.10607047379016876,5,0,5.0
2148,100,0.11429770825487777,,0.10607047379016876,5,0,5.0
2839,1,0.10836793662012358,,0.10607047379016876,5,0,5.0
2839,10,0.10664773612529374,,0.10607047379016876,5,0,5.0
2839,100,0.11032046570007566,,0.10607047379016876,5,0,5.0
3753,1,0.1055475463531352,,0.10607047379016876,5,0,5.0
3753,10,0.10452966064055173,,0.10607047379016876,5,0,5.0
3753,100,0.10722564048099009,,0.10607047379016876,5,0,5.0
4960,1,0.1034799850113424,,0.10607047379016876,5,0,5.0
4960,10,0.10287715497661809,,0.10607047379016876,5,0,5.0
4960,100,0.10484047998957112,,0.10607047379016876,5,0,5.0
6555,1,0.10195111291906085,,0.10607047379016876,5,0,5.0
6555,10,0.1015941951633764,,0.10607047379016876,5,0,5.0
6555,100,0.10301298828126931,,0.10607047379016876,5,0,5.0
8663,1,0.10081393734905275,,0.10607047379016876,5,0,5.0
8663,10,0.10060275505260718,,0.10607047379016876,5,0,5.0
8663,100,0.10162014455868253,,0.10607047379016876,5,0,5.0
11450,1,0.0999641176825674,,0.10607047379016876,5,0,5.0
11450,10,0.0998391262964457,,0.10607047379016876,5,0,5.0
11450,100,0.100563100918321,,0.10607047379016876,5,0,5.0
15132,1,0.09932745441314388,,0.10607047379016876,5,0,5.0
15132,10,0.09925349476705655,,0.10607047379016876,5,0,5.0
15132,100,0.09976422828684686,,0.10607047379016876,5,0,5.0
20000,1,0.09884905015245322,,0.10607047379016876,5,0,5.0
20000,10,0.0988051797433289,,0.10607047379016876,5,0,5.0
20000,100,0.09916201436149749,,0.10607047379016876,5,0,5.0
